Order Number,Cust Code,PO,Item,Part ID,Required Qty,Request Date,Estimated Delivery Dates,Pulling Dates,Available Qty,Fulfilled Qty,Remaining Qty,PO Create Date,Lead Time (Days),Status,Notes,Stock Before,Stock After,Stock Used,Flight Qty Used,Flight Details,Warehouse Notes
1,HZ4600,3000330379,00010,PIC18F66J50-I/PT,160,2025-10-18,No Flights Available,N/A,0,0,160,2025-07-28,0,No Inventory Available,No current stock or future flights available. Required: 160,0,0,0,0,,No inventory available - no current stock or future flights
2,HZ4600,3000330379,00020,PIC18F66J50-I/PT,160,2025-10-18,No Flights Available,N/A,0,0,160,2025-07-28,0,No Inventory Available,No current stock or future flights available. Required: 160,0,0,0,0,,No inventory available - no current stock or future flights
3,HZ4600,3000305125,00010,X1B000421000115,2000,2025-09-02,2000×2025-09-02 (stock),N/A,2000,2000,0,2025-04-14,0,In Stock,Fully fulfilled from stock: 2000,2000,0,2000,0,,2000 from stock → 2025-09-02
4,HZ4600,3000310145,00010,X1B000421000115,2000,2025-09-19,2000×2025-08-15 (flight),2000×2025-08-13,2000,2000,0,2025-05-06,-35,Awaiting Flight,Fully fulfilled from flights: 2000 (last departure: 2025-08-12),0,0,0,2000,2000×2025-08-12,2000 from flight 2025-08-12 → 2025-08-15
5,HZ4600,3000329449,00010,X1B000421000115,2000,2025-11-11,2000×2025-08-15 (flight),2000×2025-08-13,2000,2000,0,2025-07-24,-88,Awaiting Flight,Fully fulfilled from flights: 2000 (last departure: 2025-08-12),0,0,0,2000,2000×2025-08-12,2000 from flight 2025-08-12 → 2025-08-15
6,HZ4600,3000320758,00020,Q13FC1350000400,6000,2025-08-29,6000×2025-08-29 (stock),N/A,6000,6000,0,2025-06-16,0,In Stock,Fully fulfilled from stock: 6000,9000,3000,6000,0,,6000 from stock → 2025-08-29
7,HZ4600,3000322656,00010,Q13FC1350000400,6000,2025-09-12,6000×2025-08-27 (flight),6000×2025-08-25,6000,6000,0,2025-06-23,-16,Awaiting Flight,Fully fulfilled from flights: 6000 (last departure: 2025-08-22),0,0,0,6000,6000×2025-08-22,6000 from flight 2025-08-22 → 2025-08-27
8,HZ4600,3000324027,00010,Q13FC1350000400,6000,2025-10-03,"3000×2025-09-17 (flight), 3000×2025-09-17 (flight)","3000×2025-09-15, 3000×2025-09-15",6000,6000,0,2025-06-30,-16,Awaiting Flight,Fully fulfilled from flights: 6000 (last departure: 2025-09-11),0,0,0,6000,"3000×2025-09-11, 3000×2025-09-11",3000 from flight 2025-09-11 → 2025-09-17; 3000 from flight 2025-09-11 → 2025-09-17
9,HZ4600,3000325640,00010,Q13FC1350000400,6000,2025-10-10,6000×2025-09-17 (flight),6000×2025-09-15,6000,6000,0,2025-07-07,-23,Awaiting Flight,Fully fulfilled from flights: 6000 (last departure: 2025-09-11),0,0,0,6000,6000×2025-09-11,6000 from flight 2025-09-11 → 2025-09-17
10,HZ4600,3000327284,00010,Q13FC1350000400,6000,2025-10-24,"3000×2025-09-17 (flight), 3000×2025-09-17 (flight)","3000×2025-09-15, 3000×2025-09-15",6000,6000,0,2025-07-14,-37,Awaiting Flight,Fully fulfilled from flights: 6000 (last departure: 2025-09-11),0,0,0,6000,"3000×2025-09-11, 3000×2025-09-11",3000 from flight 2025-09-11 → 2025-09-17; 3000 from flight 2025-09-11 → 2025-09-17
11,HZ4600,3000328712,00010,Q13FC1350000400,6000,2025-11-07,No Flights Available,N/A,0,0,6000,2025-07-21,0,No Inventory Available,No current stock or future flights available. Required: 6000,0,0,0,0,,No inventory available - no current stock or future flights
12,HZ4600,3000331966,00010,Q13FC1350000400,6000,2025-11-28,No Flights Available,N/A,0,0,6000,2025-08-04,0,No Inventory Available,No current stock or future flights available. Required: 6000,0,0,0,0,,No inventory available - no current stock or future flights
13,HZ4600,3000330152,00010,X1A000141000300,6000,2025-11-11,No Flights Available,N/A,0,0,6000,2025-07-28,0,No Inventory Available,No current stock or future flights available. Required: 6000,0,0,0,0,,No inventory available - no current stock or future flights
14,HZ4600,3000318935,00020,Q13MC1462000100,6000,2025-09-12,6000×2025-09-12 (stock),N/A,6000,6000,0,2025-06-09,0,In Stock,Fully fulfilled from stock: 6000,12000,6000,6000,0,,6000 from stock → 2025-09-12
15,HZ4600,3000324027,00020,Q13MC1462000100,6000,2025-10-31,6000×2025-10-31 (stock),N/A,6000,6000,0,2025-06-30,0,In Stock,Fully fulfilled from stock: 6000,6000,0,6000,0,,6000 from stock → 2025-10-31
16,HZ4600,3000330152,00020,Q13MC1462000100,6000,2025-11-21,No Flights Available,N/A,0,0,6000,2025-07-28,0,No Inventory Available,No current stock or future flights available. Required: 6000,0,0,0,0,,No inventory available - no current stock or future flights
17,HZ4600,3000315584,00020,Q13MC3061001800,33000,2025-08-13,"15000×2025-09-03 (flight), 12000×2025-09-03 (flight), 6000×2025-09-05 (flight)","15000×2025-09-01, 12000×2025-09-01, 6000×2025-09-03",33000,33000,0,2025-05-26,23,Awaiting Flight,Fully fulfilled from flights: 33000 (last departure: 2025-08-30),0,0,0,33000,"15000×2025-08-27 (+14d), 12000×2025-08-27 (+14d), 6000×2025-08-30 (+17d)",15000 from flight 2025-08-27 (+14d) → 2025-09-03; 12000 from flight 2025-08-27 (+14d) → 2025-09-03; 6000 from flight 2025-08-30 (+17d) → 2025-09-05
18,HZ4600,3000318972,00010,Q13MC3061001800,60000,2025-08-13,"12000×2025-09-05 (flight), 48000×2025-09-05 (flight)","12000×2025-09-03, 48000×2025-09-03",60000,60000,0,2025-06-09,23,Awaiting Flight,Fully fulfilled from flights: 60000 (last departure: 2025-08-30),0,0,0,60000,"12000×2025-08-30 (+17d), 48000×2025-08-30 (+17d)",12000 from flight 2025-08-30 (+17d) → 2025-09-05; 48000 from flight 2025-08-30 (+17d) → 2025-09-05
19,HZ4600,3000322656,00020,Q13MC3061001800,12000,2025-08-13,12000×2025-09-05 (flight),12000×2025-09-03,12000,12000,0,2025-06-23,23,Awaiting Flight,Fully fulfilled from flights: 12000 (last departure: 2025-08-30),0,0,0,12000,12000×2025-08-30 (+17d),12000 from flight 2025-08-30 (+17d) → 2025-09-05
20,HZ4600,3000325656,00010,Q13MC3061001800,21000,2025-08-12,"18000×2025-08-15 (flight), 3000×2025-09-03 (flight)","18000×2025-08-13, 3000×2025-09-01",21000,21000,0,2025-07-07,22,Awaiting Flight,Fully fulfilled from flights: 21000 (last departure: 2025-08-27),0,0,0,21000,"18000×2025-08-09, 3000×2025-08-27 (+15d)",18000 from flight 2025-08-09 → 2025-08-15; 3000 from flight 2025-08-27 (+15d) → 2025-09-03
21,HZ4600,3000327289,00010,Q13MC3061001800,6000,2025-09-29,6000×2025-09-05 (flight),6000×2025-09-03,6000,6000,0,2025-07-14,-24,Awaiting Flight,Fully fulfilled from flights: 6000 (last departure: 2025-08-30),0,0,0,6000,6000×2025-08-30,6000 from flight 2025-08-30 → 2025-09-05
22,HZ4600,3000333458,00020,Q13MC3061001800,69000,2025-09-29,"15000×2025-09-05 (flight), 21000×2025-10-03 (flight)","15000×2025-09-03, 21000×2025-10-01",36000,36000,33000,2025-08-12,4,Partial Flight Only,Partially fulfilled from flights: 36000/69000 (last departure: 2025-09-27). Remaining: 33000,0,0,0,36000,"15000×2025-08-30, 21000×2025-09-27",15000 from flight 2025-08-30 → 2025-09-05; 21000 from flight 2025-09-27 → 2025-10-03
23,HZ4600,3000322656,00030,Q22FA2380049900,6000,2025-09-05,6000×2025-09-03 (flight),6000×2025-09-01,6000,6000,0,2025-06-23,-2,Awaiting Flight,Fully fulfilled from flights: 6000 (last departure: 2025-08-28),0,0,0,6000,6000×2025-08-28,6000 from flight 2025-08-28 → 2025-09-03
24,HZ4600,3000322656,00040,Q22FA2380049900,6000,2025-09-19,6000×2025-09-03 (flight),6000×2025-09-01,6000,6000,0,2025-06-23,-16,Awaiting Flight,Fully fulfilled from flights: 6000 (last departure: 2025-08-28),0,0,0,6000,6000×2025-08-28,6000 from flight 2025-08-28 → 2025-09-03
25,HZ4600,3000324027,00030,Q22FA2380049900,6000,2025-10-03,No Flights Available,N/A,0,0,6000,2025-06-30,0,No Inventory Available,No current stock or future flights available. Required: 6000,0,0,0,0,,No inventory available - no current stock or future flights
26,HZ4600,3000325640,00020,Q22FA2380049900,6000,2025-10-17,No Flights Available,N/A,0,0,6000,2025-07-07,0,No Inventory Available,No current stock or future flights available. Required: 6000,0,0,0,0,,No inventory available - no current stock or future flights
27,HZ4600,3000328712,00020,Q22FA2380049900,6000,2025-10-31,No Flights Available,N/A,0,0,6000,2025-07-21,0,No Inventory Available,No current stock or future flights available. Required: 6000,0,0,0,0,,No inventory available - no current stock or future flights
28,HZ4600,3000330152,00030,Q22FA2380049900,6000,2025-11-07,No Flights Available,N/A,0,0,6000,2025-07-28,0,No Inventory Available,No current stock or future flights available. Required: 6000,0,0,0,0,,No inventory available - no current stock or future flights
29,HZ4600,3000317340,00020,X1A000061000600,6000,2025-08-29,6000×2025-08-29 (stock),N/A,6000,6000,0,2025-06-03,0,In Stock,Fully fulfilled from stock: 6000,30000,24000,6000,0,,6000 from stock → 2025-08-29
30,HZ4600,3000333458,00010,X1A000061000600,3000,2025-10-24,3000×2025-10-23 (stock),N/A,3000,3000,0,2025-08-12,-1,In Stock,Fully fulfilled from stock: 3000,18000,15000,3000,0,,3000 from stock → 2025-10-23
31,HZ4600,3000324027,00040,X1A000141000500,6000,2025-08-29,6000×2025-10-13 (flight),6000×2025-10-08,6000,6000,0,2025-06-30,45,Awaiting Flight,Fully fulfilled from flights: 6000 (last departure: 2025-10-04),0,0,0,6000,6000×2025-10-04 (+36d),6000 from flight 2025-10-04 (+36d) → 2025-10-13
32,HZ4600,3000324027,00050,X1A000141000500,6000,2025-10-10,6000×2025-10-13 (flight),6000×2025-10-08,6000,6000,0,2025-06-30,3,Awaiting Flight,Fully fulfilled from flights: 6000 (last departure: 2025-10-04),0,0,0,6000,6000×2025-10-04,6000 from flight 2025-10-04 → 2025-10-13
33,HZ4600,3000330152,00040,X1A000141000500,6000,2025-11-07,No Flights Available,N/A,0,0,6000,2025-07-28,0,No Inventory Available,No current stock or future flights available. Required: 6000,0,0,0,0,,No inventory available - no current stock or future flights
34,HZ4600,3000315565,00020,Q13FC1350000514,3000,2025-09-05,3000×2025-08-22 (flight),3000×2025-08-20,3000,3000,0,2025-05-26,-14,Awaiting Flight,Fully fulfilled from flights: 3000 (last departure: 2025-08-19),0,0,0,3000,3000×2025-08-19,3000 from flight 2025-08-19 → 2025-08-22
35,HZ4600,3000318935,00030,Q13FC1350000514,3000,2025-09-19,No Flights Available,N/A,0,0,3000,2025-06-09,0,No Inventory Available,No current stock or future flights available. Required: 3000,0,0,0,0,,No inventory available - no current stock or future flights
36,HZ4600,3000324027,00060,Q13FC1350000514,6000,2025-10-24,No Flights Available,N/A,0,0,6000,2025-06-30,0,No Inventory Available,No current stock or future flights available. Required: 6000,0,0,0,0,,No inventory available - no current stock or future flights
37,HZ4600,3000322656,00050,Q22FA1280053200,6000,2025-08-29,"3000×2025-08-29 (flight), 3000×2025-09-19 (flight)","3000×2025-08-27, 3000×2025-09-17",6000,6000,0,2025-06-23,21,Awaiting Flight,Fully fulfilled from flights: 6000 (last departure: 2025-09-16),0,0,0,6000,"3000×2025-08-26, 3000×2025-09-16 (+18d)",3000 from flight 2025-08-26 → 2025-08-29; 3000 from flight 2025-09-16 (+18d) → 2025-09-19
38,HZ4600,3000330152,00050,Q22FA1280053200,6000,2025-10-16,No Flights Available,N/A,0,0,6000,2025-07-28,0,No Inventory Available,No current stock or future flights available. Required: 6000,0,0,0,0,,No inventory available - no current stock or future flights
39,HZ4600,3000322656,00060,Q22FA1280056900,3000,2025-08-29,3000×2025-08-29 (flight),3000×2025-08-27,3000,3000,0,2025-06-23,0,Awaiting Flight,Fully fulfilled from flights: 3000 (last departure: 2025-08-26),0,0,0,3000,3000×2025-08-26,3000 from flight 2025-08-26 → 2025-08-29
40,HZ4600,3000324027,00070,Q22FA1280056900,3000,2025-09-12,3000×2025-09-26 (flight),3000×2025-09-24,3000,3000,0,2025-06-30,14,Awaiting Flight,Fully fulfilled from flights: 3000 (last departure: 2025-09-23),0,0,0,3000,3000×2025-09-23 (+11d),3000 from flight 2025-09-23 (+11d) → 2025-09-26
41,HZ4600,3000330152,00060,Q22FA1280056900,6000,2025-10-24,3000×2025-09-26 (flight),3000×2025-09-24,3000,3000,3000,2025-07-28,-28,Partial Flight Only,Partially fulfilled from flights: 3000/6000 (last departure: 2025-09-23). Remaining: 3000,0,0,0,3000,3000×2025-09-23,3000 from flight 2025-09-23 → 2025-09-26
42,HZ4600,3000314085,00020,Q13MC3061001800,15000,2025-08-13,15000×2025-09-03 (flight),15000×2025-09-01,15000,15000,0,2025-05-19,21,Awaiting Flight,Fully fulfilled from flights: 15000 (last departure: 2025-08-27),0,0,0,15000,15000×2025-08-27 (+14d),15000 from flight 2025-08-27 (+14d) → 2025-09-03
43,KS4100,4101414674,00010,INN3696C-H606-TL,2000,2025-08-23,2000×2025-08-22 (stock),N/A,2000,2000,0,2025-05-26,-1,In Stock,Fully fulfilled from stock: 2000,2000,0,2000,0,,2000 from stock → 2025-08-22
44,KS4100,4101419609,00010,CAP300DG-TL,2500,2025-09-03,No Flights Available,N/A,0,0,2500,2025-06-09,0,No Inventory Available,No current stock or future flights available. Required: 2500,0,0,0,0,,No inventory available - no current stock or future flights
45,KS4100,4101427795,00010,X1G0059610010,2000,2025-11-05,No Flights Available,N/A,0,0,2000,2025-06-30,0,No Inventory Available,No current stock or future flights available. Required: 2000,0,0,0,0,,No inventory available - no current stock or future flights
46,KS4100,4101422323,00010,Q13FC1350000500,6000,2025-09-06,"3000×2025-09-05 (flight), 3000×2025-09-12 (flight)","3000×2025-09-03, 3000×2025-09-10",6000,6000,0,2025-06-16,6,Awaiting Flight,Fully fulfilled from flights: 6000 (last departure: 2025-09-09),0,0,0,6000,"3000×2025-08-30, 3000×2025-09-09 (+3d)",3000 from flight 2025-08-30 → 2025-09-05; 3000 from flight 2025-09-09 (+3d) → 2025-09-12
47,KS4100,4101429480,00010,Q13FC1350000500,6000,2025-09-06,"3000×2025-09-12 (flight), 3000×2025-09-24 (flight)","3000×2025-09-10, 3000×2025-09-22",6000,6000,0,2025-07-07,18,Awaiting Flight,Fully fulfilled from flights: 6000 (last departure: 2025-09-18),0,0,0,6000,"3000×2025-09-09 (+3d), 3000×2025-09-18 (+12d)",3000 from flight 2025-09-09 (+3d) → 2025-09-12; 3000 from flight 2025-09-18 (+12d) → 2025-09-24
48,KS4100,4101429480,00020,Q13FC1350000500,6000,2025-09-16,"3000×2025-09-24 (flight), 3000×2025-09-24 (flight)","3000×2025-09-22, 3000×2025-09-22",6000,6000,0,2025-07-07,8,Awaiting Flight,Fully fulfilled from flights: 6000 (last departure: 2025-09-18),0,0,0,6000,"3000×2025-09-18 (+2d), 3000×2025-09-18 (+2d)",3000 from flight 2025-09-18 (+2d) → 2025-09-24; 3000 from flight 2025-09-18 (+2d) → 2025-09-24
49,KS4100,4101432184,00010,Q13FC1350000500,6000,2025-10-11,"3000×2025-09-24 (flight), 3000×2025-10-13 (flight)","3000×2025-09-22, 3000×2025-10-08",6000,6000,0,2025-07-14,2,Awaiting Flight,Fully fulfilled from flights: 6000 (last departure: 2025-10-07),0,0,0,6000,"3000×2025-09-18, 3000×2025-10-07",3000 from flight 2025-09-18 → 2025-09-24; 3000 from flight 2025-10-07 → 2025-10-13
50,KS4100,4101434813,00010,Q13FC1350000500,6000,2025-11-08,"3000×2025-10-13 (flight), 3000×2025-10-13 (flight)","3000×2025-10-08, 3000×2025-10-08",6000,6000,0,2025-07-21,-26,Awaiting Flight,Fully fulfilled from flights: 6000 (last departure: 2025-10-07),0,0,0,6000,"3000×2025-10-07, 3000×2025-10-07",3000 from flight 2025-10-07 → 2025-10-13; 3000 from flight 2025-10-07 → 2025-10-13
51,KS4100,4101440184,00010,Q13FC1350000500,6000,2025-11-08,"3000×2025-10-13 (flight), 3000×2025-10-13 (flight)","3000×2025-10-08, 3000×2025-10-08",6000,6000,0,2025-08-04,-26,Awaiting Flight,Fully fulfilled from flights: 6000 (last departure: 2025-10-07),0,0,0,6000,"3000×2025-10-07, 3000×2025-10-07",3000 from flight 2025-10-07 → 2025-10-13; 3000 from flight 2025-10-07 → 2025-10-13
52,KS4100,4101420459,00010,X1G004451000800,4000,2025-09-25,4000×2025-09-25 (stock),N/A,4000,4000,0,2025-06-09,0,In Stock,Fully fulfilled from stock: 4000,6000,2000,4000,0,,4000 from stock → 2025-09-25
53,KS4100,4101417978,00020,X1G004131001116,6000,2025-09-10,6000×2025-09-03 (flight),6000×2025-09-01,6000,6000,0,2025-06-03,-7,Awaiting Flight,Fully fulfilled from flights: 6000 (last departure: 2025-08-27),0,0,0,6000,6000×2025-08-27,6000 from flight 2025-08-27 → 2025-09-03
54,KS4100,4101415794,00010,X1G004211001100,2000,2025-08-19,2000×2025-08-19 (stock),N/A,2000,2000,0,2025-05-26,0,In Stock,Fully fulfilled from stock: 2000,6000,4000,2000,0,,2000 from stock → 2025-08-19
55,KS4100,4101417978,00030,X1A000141000200,3000,2025-08-26,3000×2025-09-12 (flight),3000×2025-09-10,3000,3000,0,2025-06-03,17,Awaiting Flight,Fully fulfilled from flights: 3000 (last departure: 2025-09-09),0,0,0,3000,3000×2025-09-09 (+14d),3000 from flight 2025-09-09 (+14d) → 2025-09-12
56,KS4100,4101424874,00010,X1A000141000200,6000,2025-09-22,"3000×2025-09-12 (flight), 3000×2025-10-13 (flight)","3000×2025-09-10, 3000×2025-10-08",6000,6000,0,2025-06-23,21,Awaiting Flight,Fully fulfilled from flights: 6000 (last departure: 2025-10-04),0,0,0,6000,"3000×2025-09-09, 3000×2025-10-04 (+12d)",3000 from flight 2025-09-09 → 2025-09-12; 3000 from flight 2025-10-04 (+12d) → 2025-10-13
57,KS4100,4101432383,00010,X1A000141000200,6000,2025-10-28,6000×2025-10-13 (flight),6000×2025-10-08,6000,6000,0,2025-07-14,-15,Awaiting Flight,Fully fulfilled from flights: 6000 (last departure: 2025-10-04),0,0,0,6000,6000×2025-10-04,6000 from flight 2025-10-04 → 2025-10-13
58,KS4100,4101434954,00010,X1A000141000200,6000,2025-10-28,"3000×2025-10-13 (flight), 3000×2025-10-13 (flight)","3000×2025-10-08, 3000×2025-10-08",6000,6000,0,2025-07-21,-15,Awaiting Flight,Fully fulfilled from flights: 6000 (last departure: 2025-10-07),0,0,0,6000,"3000×2025-10-04, 3000×2025-10-07",3000 from flight 2025-10-04 → 2025-10-13; 3000 from flight 2025-10-07 → 2025-10-13
59,KS4100,4101429480,00030,X1E000401000400,5000,2025-11-20,5000×2025-11-20 (stock),N/A,5000,5000,0,2025-07-07,0,In Stock,Fully fulfilled from stock: 5000,5000,0,5000,0,,5000 from stock → 2025-11-20
60,KS4100,4101417978,00010,X1E000371000400,6000,2025-08-26,6000×2025-08-26 (stock),N/A,6000,6000,0,2025-06-03,0,In Stock,Fully fulfilled from stock: 6000,12000,6000,6000,0,,6000 from stock → 2025-08-26
61,KS4100,4101420201,00010,X1E000371000400,9000,2025-09-22,"6000×2025-08-22 (flight), 3000×2025-09-03 (flight)","6000×2025-08-20, 3000×2025-09-01",9000,9000,0,2025-06-09,-19,Awaiting Flight,Fully fulfilled from flights: 9000 (last departure: 2025-08-28),0,0,0,9000,"6000×2025-08-19, 3000×2025-08-28",6000 from flight 2025-08-19 → 2025-08-22; 3000 from flight 2025-08-28 → 2025-09-03
62,KS4100,4101420201,00020,X1E000371000400,6000,2025-10-28,6000×2025-09-26 (flight),6000×2025-09-24,6000,6000,0,2025-06-09,-32,Awaiting Flight,Fully fulfilled from flights: 6000 (last departure: 2025-09-23),0,0,0,6000,6000×2025-09-23,6000 from flight 2025-09-23 → 2025-09-26
63,KS4100,4101443188,00010,X1E000371000400,6000,2025-11-18,6000×2025-10-13 (flight),6000×2025-10-08,6000,6000,0,2025-08-11,-36,Awaiting Flight,Fully fulfilled from flights: 6000 (last departure: 2025-10-07),0,0,0,6000,6000×2025-10-07,6000 from flight 2025-10-07 → 2025-10-13
64,KS4100,4101408278,00020,X1A000061000500,10000,2025-09-10,10000×2025-09-10 (stock),N/A,10000,10000,0,2025-05-12,0,In Stock,Fully fulfilled from stock: 10000,20000,10000,10000,0,,10000 from stock → 2025-09-10
65,KS4100,4101408278,00030,X1A000061000500,10000,2025-09-10,10000×2025-09-10 (stock),N/A,10000,10000,0,2025-05-12,0,In Stock,Fully fulfilled from stock: 10000,10000,0,10000,0,,10000 from stock → 2025-09-10
66,KS4100,4101429814,00010,X1A000061000500,10000,2025-09-10,10000×2025-08-15 (flight),10000×2025-08-13,10000,10000,0,2025-07-07,-26,Awaiting Flight,Fully fulfilled from flights: 10000 (last departure: 2025-08-11),0,0,0,10000,10000×2025-08-11,10000 from flight 2025-08-11 → 2025-08-15
67,KS4100,4101429814,00020,X1A000061000500,10000,2025-09-20,"5000×2025-08-15 (flight), 5000×2025-08-15 (flight)","5000×2025-08-13, 5000×2025-08-13",10000,10000,0,2025-07-07,-36,Awaiting Flight,Fully fulfilled from flights: 10000 (last departure: 2025-08-11),0,0,0,10000,"5000×2025-08-11, 5000×2025-08-11",5000 from flight 2025-08-11 → 2025-08-15; 5000 from flight 2025-08-11 → 2025-08-15
68,KS4100,4101429814,00030,X1A000061000500,10000,2025-09-20,"5000×2025-08-15 (flight), 5000×2025-08-15 (flight)","5000×2025-08-13, 5000×2025-08-13",10000,10000,0,2025-07-07,-36,Awaiting Flight,Fully fulfilled from flights: 10000 (last departure: 2025-08-11),0,0,0,10000,"5000×2025-08-11, 5000×2025-08-11",5000 from flight 2025-08-11 → 2025-08-15; 5000 from flight 2025-08-11 → 2025-08-15
69,KS4100,4101440531,00010,X1E000021064400,4000,2025-08-11,No Flights Available,N/A,0,0,4000,2025-08-04,0,No Inventory Available,No current stock or future flights available. Required: 4000,0,0,0,0,,No inventory available - no current stock or future flights
70,KS4100,4101418318,00010,Q22FA2380008900,6000,2025-09-08,6000×2025-09-10 (flight),6000×2025-09-08,6000,6000,0,2025-06-03,2,Awaiting Flight,Fully fulfilled from flights: 6000 (last departure: 2025-09-04),0,0,0,6000,6000×2025-09-04,6000 from flight 2025-09-04 → 2025-09-10
71,KS4100,4101429582,00010,Q22FA2380008900,6000,2025-11-03,"3000×2025-10-03 (flight), 3000×2025-10-03 (flight)","3000×2025-10-01, 3000×2025-10-01",6000,6000,0,2025-07-07,-31,Awaiting Flight,Fully fulfilled from flights: 6000 (last departure: 2025-09-25),0,0,0,6000,"3000×2025-09-25, 3000×2025-09-25",3000 from flight 2025-09-25 → 2025-10-03; 3000 from flight 2025-09-25 → 2025-10-03
72,KS4100,4101431930,00020,X1A000121000500,10000,2025-08-24,10000×2025-08-22 (stock),N/A,10000,10000,0,2025-07-14,-2,In Stock,Fully fulfilled from stock: 10000,25000,15000,10000,0,,10000 from stock → 2025-08-22
73,KS4100,4101434767,00010,X1A000121000500,10000,2025-08-31,10000×2025-08-29 (stock),N/A,10000,10000,0,2025-07-21,-2,In Stock,Fully fulfilled from stock: 10000,15000,5000,10000,0,,10000 from stock → 2025-08-29
74,KS4100,4101439921,00010,X1A000121000500,10000,2025-11-02,5000×2025-10-31 (stock),N/A,5000,5000,5000,2025-08-04,-2,Partial Stock Only,Partially fulfilled from stock: 5000/10000. Remaining: 5000,5000,0,5000,0,,5000 from stock → 2025-10-31
75,KS4100,4101439921,00020,X1A000121000500,10000,2025-11-02,No Flights Available,N/A,0,0,10000,2025-08-04,0,No Inventory Available,No current stock or future flights available. Required: 10000,0,0,0,0,,No inventory available - no current stock or future flights
76,KS4100,4101439921,00030,X1A000121000500,10000,2025-11-02,No Flights Available,N/A,0,0,10000,2025-08-04,0,No Inventory Available,No current stock or future flights available. Required: 10000,0,0,0,0,,No inventory available - no current stock or future flights
77,KS4100,4101439921,00040,X1A000121000500,10000,2025-11-02,No Flights Available,N/A,0,0,10000,2025-08-04,0,No Inventory Available,No current stock or future flights available. Required: 10000,0,0,0,0,,No inventory available - no current stock or future flights
78,KS4100,4101439921,00050,X1A000121000500,10000,2025-11-09,No Flights Available,N/A,0,0,10000,2025-08-04,0,No Inventory Available,No current stock or future flights available. Required: 10000,0,0,0,0,,No inventory available - no current stock or future flights
79,KS4100,4101439921,00060,X1A000121000500,10000,2025-11-09,No Flights Available,N/A,0,0,10000,2025-08-04,0,No Inventory Available,No current stock or future flights available. Required: 10000,0,0,0,0,,No inventory available - no current stock or future flights
80,KS4100,4101415238,00010,X1G005441002216,3000,2025-08-12,3000×2025-08-20 (flight),3000×2025-08-18,3000,3000,0,2025-05-26,8,Awaiting Flight,Fully fulfilled from flights: 3000 (last departure: 2025-08-13),0,0,0,3000,3000×2025-08-13 (+1d),3000 from flight 2025-08-13 (+1d) → 2025-08-20
81,KS4100,4101415238,00020,X1G005441002216,9000,2025-08-12,9000×2025-08-20 (flight),9000×2025-08-18,9000,9000,0,2025-05-26,8,Awaiting Flight,Fully fulfilled from flights: 9000 (last departure: 2025-08-13),0,0,0,9000,9000×2025-08-13 (+1d),9000 from flight 2025-08-13 (+1d) → 2025-08-20
82,KS4100,4101417844,00020,X1G005441002216,9000,2025-08-12,9000×2025-08-20 (flight),9000×2025-08-18,9000,9000,0,2025-06-03,8,Awaiting Flight,Fully fulfilled from flights: 9000 (last departure: 2025-08-13),0,0,0,9000,9000×2025-08-13 (+1d),9000 from flight 2025-08-13 (+1d) → 2025-08-20
83,KS4100,4101419981,00010,X1G005441002216,3000,2025-08-12,3000×2025-08-20 (flight),3000×2025-08-18,3000,3000,0,2025-06-09,8,Awaiting Flight,Fully fulfilled from flights: 3000 (last departure: 2025-08-13),0,0,0,3000,3000×2025-08-13 (+1d),3000 from flight 2025-08-13 (+1d) → 2025-08-20
84,KS4100,4101419981,00020,X1G005441002216,3000,2025-08-12,3000×2025-08-20 (flight),3000×2025-08-18,3000,3000,0,2025-06-09,8,Awaiting Flight,Fully fulfilled from flights: 3000 (last departure: 2025-08-13),0,0,0,3000,3000×2025-08-13 (+1d),3000 from flight 2025-08-13 (+1d) → 2025-08-20
85,KS4100,4101429510,00010,X1G005441002216,3000,2025-08-12,3000×2025-09-24 (flight),3000×2025-09-22,3000,3000,0,2025-07-07,43,Awaiting Flight,Fully fulfilled from flights: 3000 (last departure: 2025-09-17),0,0,0,3000,3000×2025-09-17 (+36d),3000 from flight 2025-09-17 (+36d) → 2025-09-24
86,KS4100,4101429510,00020,X1G005441002216,3000,2025-08-12,3000×2025-09-24 (flight),3000×2025-09-22,3000,3000,0,2025-07-07,43,Awaiting Flight,Fully fulfilled from flights: 3000 (last departure: 2025-09-17),0,0,0,3000,3000×2025-09-17 (+36d),3000 from flight 2025-09-17 (+36d) → 2025-09-24
87,KS4100,4101429510,00030,X1G005441002216,3000,2025-08-12,3000×2025-09-24 (flight),3000×2025-09-22,3000,3000,0,2025-07-07,43,Awaiting Flight,Fully fulfilled from flights: 3000 (last departure: 2025-09-17),0,0,0,3000,3000×2025-09-17 (+36d),3000 from flight 2025-09-17 (+36d) → 2025-09-24
88,KS4100,4101429510,00040,X1G005441002216,3000,2025-08-12,3000×2025-09-24 (flight),3000×2025-09-22,3000,3000,0,2025-07-07,43,Awaiting Flight,Fully fulfilled from flights: 3000 (last departure: 2025-09-17),0,0,0,3000,3000×2025-09-17 (+36d),3000 from flight 2025-09-17 (+36d) → 2025-09-24
89,KS4100,4101429510,00050,X1G005441002216,3000,2025-08-12,3000×2025-09-24 (flight),3000×2025-09-22,3000,3000,0,2025-07-07,43,Awaiting Flight,Fully fulfilled from flights: 3000 (last departure: 2025-09-17),0,0,0,3000,3000×2025-09-17 (+36d),3000 from flight 2025-09-17 (+36d) → 2025-09-24
90,KS4100,4101429510,00060,X1G005441002216,3000,2025-08-12,3000×2025-09-24 (flight),3000×2025-09-22,3000,3000,0,2025-07-07,43,Awaiting Flight,Fully fulfilled from flights: 3000 (last departure: 2025-09-17),0,0,0,3000,3000×2025-09-17 (+36d),3000 from flight 2025-09-17 (+36d) → 2025-09-24
91,KS4100,4101429510,00070,X1G005441002216,3000,2025-08-12,3000×2025-09-24 (flight),3000×2025-09-22,3000,3000,0,2025-07-07,43,Awaiting Flight,Fully fulfilled from flights: 3000 (last departure: 2025-09-17),0,0,0,3000,3000×2025-09-17 (+36d),3000 from flight 2025-09-17 (+36d) → 2025-09-24
92,KS4100,4101429510,00080,X1G005441002216,3000,2025-08-12,3000×2025-10-03 (flight),3000×2025-10-01,3000,3000,0,2025-07-07,52,Awaiting Flight,Fully fulfilled from flights: 3000 (last departure: 2025-09-24),0,0,0,3000,3000×2025-09-24 (+43d),3000 from flight 2025-09-24 (+43d) → 2025-10-03
93,KS4100,4101429510,00090,X1G005441002216,3000,2025-08-12,3000×2025-10-03 (flight),3000×2025-10-01,3000,3000,0,2025-07-07,52,Awaiting Flight,Fully fulfilled from flights: 3000 (last departure: 2025-09-24),0,0,0,3000,3000×2025-09-24 (+43d),3000 from flight 2025-09-24 (+43d) → 2025-10-03
94,KS4100,4101429510,00100,X1G005441002216,3000,2025-08-12,3000×2025-10-03 (flight),3000×2025-10-01,3000,3000,0,2025-07-07,52,Awaiting Flight,Fully fulfilled from flights: 3000 (last departure: 2025-09-24),0,0,0,3000,3000×2025-09-24 (+43d),3000 from flight 2025-09-24 (+43d) → 2025-10-03
95,KS4100,4101429510,00110,X1G005441002216,3000,2025-08-12,3000×2025-10-03 (flight),3000×2025-10-01,3000,3000,0,2025-07-07,52,Awaiting Flight,Fully fulfilled from flights: 3000 (last departure: 2025-09-24),0,0,0,3000,3000×2025-09-24 (+43d),3000 from flight 2025-09-24 (+43d) → 2025-10-03
96,KS4100,4101429510,00120,X1G005441002216,3000,2025-08-12,3000×2025-10-03 (flight),3000×2025-10-01,3000,3000,0,2025-07-07,52,Awaiting Flight,Fully fulfilled from flights: 3000 (last departure: 2025-09-24),0,0,0,3000,3000×2025-09-24 (+43d),3000 from flight 2025-09-24 (+43d) → 2025-10-03
97,KS4100,4101429510,00130,X1G005441002216,3000,2025-08-12,3000×2025-10-03 (flight),3000×2025-10-01,3000,3000,0,2025-07-07,52,Awaiting Flight,Fully fulfilled from flights: 3000 (last departure: 2025-09-24),0,0,0,3000,3000×2025-09-24 (+43d),3000 from flight 2025-09-24 (+43d) → 2025-10-03
98,KS4100,4101429510,00140,X1G005441002216,3000,2025-08-12,3000×2025-10-03 (flight),3000×2025-10-01,3000,3000,0,2025-07-07,52,Awaiting Flight,Fully fulfilled from flights: 3000 (last departure: 2025-09-24),0,0,0,3000,3000×2025-09-24 (+43d),3000 from flight 2025-09-24 (+43d) → 2025-10-03
99,KS4100,4101429510,00150,X1G005441002216,3000,2025-08-12,3000×2025-10-03 (flight),3000×2025-10-01,3000,3000,0,2025-07-07,52,Awaiting Flight,Fully fulfilled from flights: 3000 (last departure: 2025-09-24),0,0,0,3000,3000×2025-09-24 (+43d),3000 from flight 2025-09-24 (+43d) → 2025-10-03
100,KS4100,4101431930,00030,X1G005441002216,3000,2025-08-12,3000×2025-10-03 (flight),3000×2025-10-01,3000,3000,0,2025-07-14,52,Awaiting Flight,Fully fulfilled from flights: 3000 (last departure: 2025-09-24),0,0,0,3000,3000×2025-09-24 (+43d),3000 from flight 2025-09-24 (+43d) → 2025-10-03
101,KS4100,4101431930,00040,X1G005441002216,3000,2025-08-12,3000×2025-10-03 (flight),3000×2025-10-01,3000,3000,0,2025-07-14,52,Awaiting Flight,Fully fulfilled from flights: 3000 (last departure: 2025-09-24),0,0,0,3000,3000×2025-09-24 (+43d),3000 from flight 2025-09-24 (+43d) → 2025-10-03
102,KS4100,4101431930,00050,X1G005441002216,3000,2025-08-24,3000×2025-10-22 (flight),3000×2025-10-20,3000,3000,0,2025-07-14,59,Awaiting Flight,Fully fulfilled from flights: 3000 (last departure: 2025-10-15),0,0,0,3000,3000×2025-10-15 (+52d),3000 from flight 2025-10-15 (+52d) → 2025-10-22
103,KS4100,4101431930,00060,X1G005441002216,3000,2025-08-24,3000×2025-10-22 (flight),3000×2025-10-20,3000,3000,0,2025-07-14,59,Awaiting Flight,Fully fulfilled from flights: 3000 (last departure: 2025-10-15),0,0,0,3000,3000×2025-10-15 (+52d),3000 from flight 2025-10-15 (+52d) → 2025-10-22
104,KS4100,4101431930,00070,X1G005441002216,3000,2025-08-24,3000×2025-10-22 (flight),3000×2025-10-20,3000,3000,0,2025-07-14,59,Awaiting Flight,Fully fulfilled from flights: 3000 (last departure: 2025-10-15),0,0,0,3000,3000×2025-10-15 (+52d),3000 from flight 2025-10-15 (+52d) → 2025-10-22
105,KS4100,4101431930,00080,X1G005441002216,3000,2025-08-24,3000×2025-10-22 (flight),3000×2025-10-20,3000,3000,0,2025-07-14,59,Awaiting Flight,Fully fulfilled from flights: 3000 (last departure: 2025-10-15),0,0,0,3000,3000×2025-10-15 (+52d),3000 from flight 2025-10-15 (+52d) → 2025-10-22
106,KS4100,4101431930,00090,X1G005441002216,3000,2025-08-31,3000×2025-10-22 (flight),3000×2025-10-20,3000,3000,0,2025-07-14,52,Awaiting Flight,Fully fulfilled from flights: 3000 (last departure: 2025-10-15),0,0,0,3000,3000×2025-10-15 (+45d),3000 from flight 2025-10-15 (+45d) → 2025-10-22
107,KS4100,4101434767,00020,X1G005441002216,3000,2025-08-31,3000×2025-10-22 (flight),3000×2025-10-20,3000,3000,0,2025-07-21,52,Awaiting Flight,Fully fulfilled from flights: 3000 (last departure: 2025-10-15),0,0,0,3000,3000×2025-10-15 (+45d),3000 from flight 2025-10-15 (+45d) → 2025-10-22
108,KS4100,4101434767,00030,X1G005441002216,3000,2025-08-31,3000×2025-10-22 (flight),3000×2025-10-20,3000,3000,0,2025-07-21,52,Awaiting Flight,Fully fulfilled from flights: 3000 (last departure: 2025-10-15),0,0,0,3000,3000×2025-10-15 (+45d),3000 from flight 2025-10-15 (+45d) → 2025-10-22
109,KS4100,4101434767,00040,X1G005441002216,3000,2025-08-31,3000×2025-10-22 (flight),3000×2025-10-20,3000,3000,0,2025-07-21,52,Awaiting Flight,Fully fulfilled from flights: 3000 (last departure: 2025-10-15),0,0,0,3000,3000×2025-10-15 (+45d),3000 from flight 2025-10-15 (+45d) → 2025-10-22
110,KS4100,4101434767,00050,X1G005441002216,3000,2025-08-31,3000×2025-10-22 (flight),3000×2025-10-20,3000,3000,0,2025-07-21,52,Awaiting Flight,Fully fulfilled from flights: 3000 (last departure: 2025-10-15),0,0,0,3000,3000×2025-10-15 (+45d),3000 from flight 2025-10-15 (+45d) → 2025-10-22
111,KS4100,4101434767,00060,X1G005441002216,3000,2025-08-31,3000×2025-10-22 (flight),3000×2025-10-20,3000,3000,0,2025-07-21,52,Awaiting Flight,Fully fulfilled from flights: 3000 (last departure: 2025-10-15),0,0,0,3000,3000×2025-10-15 (+45d),3000 from flight 2025-10-15 (+45d) → 2025-10-22
112,KS4100,4101434767,00070,X1G005441002216,3000,2025-08-31,3000×2025-10-22 (flight),3000×2025-10-20,3000,3000,0,2025-07-21,52,Awaiting Flight,Fully fulfilled from flights: 3000 (last departure: 2025-10-15),0,0,0,3000,3000×2025-10-15 (+45d),3000 from flight 2025-10-15 (+45d) → 2025-10-22
113,KS4100,4101434767,00080,X1G005441002216,3000,2025-08-31,3000×2025-10-22 (flight),3000×2025-10-20,3000,3000,0,2025-07-21,52,Awaiting Flight,Fully fulfilled from flights: 3000 (last departure: 2025-10-15),0,0,0,3000,3000×2025-10-15 (+45d),3000 from flight 2025-10-15 (+45d) → 2025-10-22
114,KS4100,4101434767,00090,X1G005441002216,3000,2025-08-31,3000×2025-10-22 (flight),3000×2025-10-20,3000,3000,0,2025-07-21,52,Awaiting Flight,Fully fulfilled from flights: 3000 (last departure: 2025-10-15),0,0,0,3000,3000×2025-10-15 (+45d),3000 from flight 2025-10-15 (+45d) → 2025-10-22
115,KS4100,4101434767,00100,X1G005441002216,3000,2025-08-31,3000×2025-10-22 (flight),3000×2025-10-20,3000,3000,0,2025-07-21,52,Awaiting Flight,Fully fulfilled from flights: 3000 (last departure: 2025-10-15),0,0,0,3000,3000×2025-10-15 (+45d),3000 from flight 2025-10-15 (+45d) → 2025-10-22
116,KS4100,4101439921,00070,X1G005441002216,6000,2025-11-02,"3000×2025-10-22 (flight), 3000×2025-10-22 (flight)","3000×2025-10-20, 3000×2025-10-20",6000,6000,0,2025-08-04,-11,Awaiting Flight,Fully fulfilled from flights: 6000 (last departure: 2025-10-15),0,0,0,6000,"3000×2025-10-15, 3000×2025-10-15",3000 from flight 2025-10-15 → 2025-10-22; 3000 from flight 2025-10-15 → 2025-10-22
117,KS4100,4101439921,00080,X1G005441002216,6000,2025-11-02,"3000×2025-10-22 (flight), 3000×2025-10-22 (flight)","3000×2025-10-20, 3000×2025-10-20",6000,6000,0,2025-08-04,-11,Awaiting Flight,Fully fulfilled from flights: 6000 (last departure: 2025-10-15),0,0,0,6000,"3000×2025-10-15, 3000×2025-10-15",3000 from flight 2025-10-15 → 2025-10-22; 3000 from flight 2025-10-15 → 2025-10-22
118,KS4100,4101439921,00090,X1G005441002216,6000,2025-11-02,"3000×2025-10-22 (flight), 3000×2025-10-22 (flight)","3000×2025-10-20, 3000×2025-10-20",6000,6000,0,2025-08-04,-11,Awaiting Flight,Fully fulfilled from flights: 6000 (last departure: 2025-10-15),0,0,0,6000,"3000×2025-10-15, 3000×2025-10-15",3000 from flight 2025-10-15 → 2025-10-22; 3000 from flight 2025-10-15 → 2025-10-22
119,KS4100,4101439921,00100,X1G005441002216,6000,2025-11-02,6000×2025-10-22 (flight),6000×2025-10-20,6000,6000,0,2025-08-04,-11,Awaiting Flight,Fully fulfilled from flights: 6000 (last departure: 2025-10-15),0,0,0,6000,6000×2025-10-15,6000 from flight 2025-10-15 → 2025-10-22
120,KS4100,4101439921,00110,X1G005441002216,6000,2025-11-02,6000×2025-10-22 (flight),6000×2025-10-20,6000,6000,0,2025-08-04,-11,Awaiting Flight,Fully fulfilled from flights: 6000 (last departure: 2025-10-15),0,0,0,6000,6000×2025-10-15,6000 from flight 2025-10-15 → 2025-10-22
121,KS4100,4101439921,00120,X1G005441002216,3000,2025-11-02,3000×2025-10-22 (flight),3000×2025-10-20,3000,3000,0,2025-08-04,-11,Awaiting Flight,Fully fulfilled from flights: 3000 (last departure: 2025-10-15),0,0,0,3000,3000×2025-10-15,3000 from flight 2025-10-15 → 2025-10-22
122,KS4100,4101439921,00130,X1G005441002216,6000,2025-11-02,6000×2025-10-22 (flight),6000×2025-10-20,6000,6000,0,2025-08-04,-11,Awaiting Flight,Fully fulfilled from flights: 6000 (last departure: 2025-10-15),0,0,0,6000,6000×2025-10-15,6000 from flight 2025-10-15 → 2025-10-22
123,KS4100,4101439921,00140,X1G005441002216,6000,2025-11-09,No Flights Available,N/A,0,0,6000,2025-08-04,0,No Inventory Available,No current stock or future flights available. Required: 6000,0,0,0,0,,No inventory available - no current stock or future flights
124,KS4100,4101439921,00150,X1G005441002216,6000,2025-11-09,No Flights Available,N/A,0,0,6000,2025-08-04,0,No Inventory Available,No current stock or future flights available. Required: 6000,0,0,0,0,,No inventory available - no current stock or future flights
125,KS4100,4101439921,00160,X1G005441002216,6000,2025-11-09,No Flights Available,N/A,0,0,6000,2025-08-04,0,No Inventory Available,No current stock or future flights available. Required: 6000,0,0,0,0,,No inventory available - no current stock or future flights
126,KS4100,4101439921,00170,X1G005441002216,6000,2025-11-09,No Flights Available,N/A,0,0,6000,2025-08-04,0,No Inventory Available,No current stock or future flights available. Required: 6000,0,0,0,0,,No inventory available - no current stock or future flights
127,MX2300,2000228711,00010,SG-8018CB 100.0000MHz TJHPA,1000,2025-09-15,No Flights Available,N/A,0,0,1000,2025-08-11,0,No Inventory Available,No current stock or future flights available. Required: 1000,0,0,0,0,,No inventory available - no current stock or future flights
128,MX2300,2000228711,00020,SG-8018CB 100.0000MHz TJHPA,1000,cancel,Invalid Date,N/A,0,0,1000,2025/08/11,0,Invalid Date,Invalid request date: 'cancel',0,0,0,0,,Invalid request date
129,MX2300,2000222226,00010,X1G004451000300,5000,2025-08-11,5000×2025-09-03 (flight),5000×2025-09-01,5000,5000,0,2025-06-09,23,Awaiting Flight,Fully fulfilled from flights: 5000 (last departure: 2025-08-27),0,0,0,5000,5000×2025-08-27 (+16d),5000 from flight 2025-08-27 (+16d) → 2025-09-03
130,MX2300,2000227380,00010,X1G004451000300,1000,2025-08-11,1000×2025-10-27 (flight),1000×2025-10-22,1000,1000,0,2025-07-28,77,Awaiting Flight,Fully fulfilled from flights: 1000 (last departure: 2025-10-18),0,0,0,1000,1000×2025-10-18 (+68d),1000 from flight 2025-10-18 (+68d) → 2025-10-27
131,MX2300,2000226806,00010,X1G004451000400,1000,2025-11-03,1000×2025-10-17 (flight),1000×2025-10-15,1000,1000,0,2025-07-21,-17,Awaiting Flight,Fully fulfilled from flights: 1000 (last departure: 2025-10-11),0,0,0,1000,1000×2025-10-11,1000 from flight 2025-10-11 → 2025-10-17
132,MX2300,2000218815,00011,X1A000141000300,12000,2025-08-11,"9000×2025-09-10 (flight), 3000×2025-09-10 (flight)","9000×2025-09-08, 3000×2025-09-08",12000,12000,0,2025-05-06,30,Awaiting Flight,Fully fulfilled from flights: 12000 (last departure: 2025-09-04),0,0,0,12000,"9000×2025-09-04 (+24d), 3000×2025-09-04 (+24d)",9000 from flight 2025-09-04 (+24d) → 2025-09-10; 3000 from flight 2025-09-04 (+24d) → 2025-09-10
133,MX2300,2000220639,00010,X1A000141000300,9000,2025-08-11,9000×2025-09-10 (flight),9000×2025-09-08,9000,9000,0,2025-05-26,30,Awaiting Flight,Fully fulfilled from flights: 9000 (last departure: 2025-09-04),0,0,0,9000,9000×2025-09-04 (+24d),9000 from flight 2025-09-04 (+24d) → 2025-09-10
134,MX2300,2000222226,00020,X1A000141000300,12000,2025-08-11,12000×2025-09-10 (flight),12000×2025-09-08,12000,12000,0,2025-06-09,30,Awaiting Flight,Fully fulfilled from flights: 12000 (last departure: 2025-09-04),0,0,0,12000,12000×2025-09-04 (+24d),12000 from flight 2025-09-04 (+24d) → 2025-09-10
135,MX2300,2000222226,00030,X1A000141000300,12000,2025-08-25,6000×2025-10-13 (flight),6000×2025-10-08,6000,6000,6000,2025-06-09,49,Partial Flight Only,Partially fulfilled from flights: 6000/12000 (last departure: 2025-10-07). Remaining: 6000,0,0,0,6000,6000×2025-10-07 (+43d),6000 from flight 2025-10-07 (+43d) → 2025-10-13
136,MX2300,2000223578,00010,X1A000141000300,6000,2025-09-15,No Flights Available,N/A,0,0,6000,2025-06-23,0,No Inventory Available,No current stock or future flights available. Required: 6000,0,0,0,0,,No inventory available - no current stock or future flights
137,SH1500,2002718113,00010,X1B000391000116,3000,2025-08-22,No Flights Available,N/A,0,0,3000,2025-07-29,0,No Inventory Available,No current stock or future flights available. Required: 3000,0,0,0,0,,No inventory available - no current stock or future flights
138,SH1500,2002704339,00010,X1E000371000400,3000,2025-10-14,3000×2025-09-03 (flight),3000×2025-09-01,3000,3000,0,2025-05-19,-41,Awaiting Flight,Fully fulfilled from flights: 3000 (last departure: 2025-08-28),0,0,0,3000,3000×2025-08-28,3000 from flight 2025-08-28 → 2025-09-03
139,SH1500,2002713732,00010,X1E000371000400,6000,2025-10-19,6000×2025-09-03 (flight),6000×2025-09-01,6000,6000,0,2025-07-07,-46,Awaiting Flight,Fully fulfilled from flights: 6000 (last departure: 2025-08-28),0,0,0,6000,6000×2025-08-28,6000 from flight 2025-08-28 → 2025-09-03
140,SH1500,2002715107,00010,X1E000371000400,6000,2025-10-21,"3000×2025-09-03 (flight), 3000×2025-09-26 (flight)","3000×2025-09-01, 3000×2025-09-24",6000,6000,0,2025-07-15,-25,Awaiting Flight,Fully fulfilled from flights: 6000 (last departure: 2025-09-23),0,0,0,6000,"3000×2025-08-28, 3000×2025-09-23",3000 from flight 2025-08-28 → 2025-09-03; 3000 from flight 2025-09-23 → 2025-09-26
141,SH1500,2002719324,00010,X1E000371000400,9000,2025-11-19,6000×2025-10-22 (flight),6000×2025-10-20,6000,6000,3000,2025-08-04,-28,Partial Flight Only,Partially fulfilled from flights: 6000/9000 (last departure: 2025-10-16). Remaining: 3000,0,0,0,6000,6000×2025-10-16,6000 from flight 2025-10-16 → 2025-10-22
142,SH1500,2002701382,00010,X1E000251011300,15000,2025-08-13,15000×2025-08-13 (stock),N/A,15000,15000,0,2025-04-29,0,In Stock,Fully fulfilled from stock: 15000,36000,21000,15000,0,,15000 from stock → 2025-08-13
143,SH1500,2002701382,00020,X1E000251011300,36000,2025-08-13,"21000×2025-08-13 (stock), 15000×2025-08-15 (flight)",15000×2025-08-13,36000,36000,0,2025-04-29,2,Partial Stock + Flight,"Fully fulfilled: 21000 from stock, 15000 from flights",21000,0,21000,15000,15000×2025-08-12,21000 from stock → 2025-08-13; 15000 from flight 2025-08-12 → 2025-08-15
144,SH1500,2002701382,00030,X1E000251011300,12000,2025-08-13,12000×2025-08-15 (flight),12000×2025-08-13,12000,12000,0,2025-04-29,2,Awaiting Flight,Fully fulfilled from flights: 12000 (last departure: 2025-08-12),0,0,0,12000,12000×2025-08-12,12000 from flight 2025-08-12 → 2025-08-15
145,SH1500,2002701382,00040,X1E000251011300,15000,2025-08-20,"6000×2025-08-15 (flight), 9000×2025-08-22 (flight)","6000×2025-08-13, 9000×2025-08-20",15000,15000,0,2025-04-29,2,Awaiting Flight,Fully fulfilled from flights: 15000 (last departure: 2025-08-19),0,0,0,15000,"6000×2025-08-12, 9000×2025-08-19",6000 from flight 2025-08-12 → 2025-08-15; 9000 from flight 2025-08-19 → 2025-08-22
146,SH1500,2002701382,00050,X1E000251011300,18000,2025-08-20,"6000×2025-08-22 (flight), 12000×2025-09-17 (flight)","6000×2025-08-20, 12000×2025-09-15",18000,18000,0,2025-04-29,28,Awaiting Flight,Fully fulfilled from flights: 18000 (last departure: 2025-09-11),0,0,0,18000,"6000×2025-08-19, 12000×2025-09-11 (+22d)",6000 from flight 2025-08-19 → 2025-08-22; 12000 from flight 2025-09-11 (+22d) → 2025-09-17
147,SH1500,2002701382,00060,X1E000251011300,15000,2025-08-27,15000×2025-09-17 (flight),15000×2025-09-15,15000,15000,0,2025-04-29,21,Awaiting Flight,Fully fulfilled from flights: 15000 (last departure: 2025-09-11),0,0,0,15000,15000×2025-09-11 (+15d),15000 from flight 2025-09-11 (+15d) → 2025-09-17
148,SH1500,2002705356,00010,X1E000251011300,54000,2025-08-27,"21000×2025-09-17 (flight), 12000×2025-09-19 (flight), 15000×2025-09-19 (flight), 6000×2025-09-19 (flight)","21000×2025-09-15, 12000×2025-09-17, 15000×2025-09-17, 6000×2025-09-17",54000,54000,0,2025-05-22,23,Awaiting Flight,Fully fulfilled from flights: 54000 (last departure: 2025-09-16),0,0,0,54000,"21000×2025-09-11 (+15d), 12000×2025-09-16 (+20d), 15000×2025-09-16 (+20d), 6000×2025-09-16 (+20d)",21000 from flight 2025-09-11 (+15d) → 2025-09-17; 12000 from flight 2025-09-16 (+20d) → 2025-09-19; 15000 from flight 2025-09-16 (+20d) → 2025-09-19; 6000 from flight 2025-09-16 (+20d) → 2025-09-19
149,SH1500,2002705356,00020,X1E000251011300,78000,2025-09-03,"33000×2025-09-19 (flight), 45000×2025-09-24 (flight)","33000×2025-09-17, 45000×2025-09-22",78000,78000,0,2025-05-22,21,Awaiting Flight,Fully fulfilled from flights: 78000 (last departure: 2025-09-18),0,0,0,78000,"33000×2025-09-16 (+13d), 45000×2025-09-18 (+15d)",33000 from flight 2025-09-16 (+13d) → 2025-09-19; 45000 from flight 2025-09-18 (+15d) → 2025-09-24
150,SH1500,2002705356,00030,X1E000251011300,87000,2025-09-10,"42000×2025-09-24 (flight), 15000×2025-09-24 (flight), 30000×2025-09-24 (flight)","42000×2025-09-22, 15000×2025-09-22, 30000×2025-09-22",87000,87000,0,2025-05-22,14,Awaiting Flight,Fully fulfilled from flights: 87000 (last departure: 2025-09-18),0,0,0,87000,"42000×2025-09-18 (+8d), 15000×2025-09-18 (+8d), 30000×2025-09-18 (+8d)",42000 from flight 2025-09-18 (+8d) → 2025-09-24; 15000 from flight 2025-09-18 (+8d) → 2025-09-24; 30000 from flight 2025-09-18 (+8d) → 2025-09-24
151,SH1500,2002705356,00040,X1E000251011300,90000,2025-09-24,90000×2025-10-03 (flight),90000×2025-10-01,90000,90000,0,2025-05-22,9,Awaiting Flight,Fully fulfilled from flights: 90000 (last departure: 2025-09-25),0,0,0,90000,90000×2025-09-25 (+1d),90000 from flight 2025-09-25 (+1d) → 2025-10-03
152,SH1500,2002705356,00050,X1E000251011300,36000,2025-09-30,36000×2025-10-13 (flight),36000×2025-10-08,36000,36000,0,2025-05-22,13,Awaiting Flight,Fully fulfilled from flights: 36000 (last departure: 2025-10-02),0,0,0,36000,36000×2025-10-02 (+2d),36000 from flight 2025-10-02 (+2d) → 2025-10-13
153,SH1500,2002706447,00010,X1E000251011300,6000,2025-10-08,6000×2025-10-13 (flight),6000×2025-10-08,6000,6000,0,2025-05-28,5,Awaiting Flight,Fully fulfilled from flights: 6000 (last departure: 2025-10-02),0,0,0,6000,6000×2025-10-02,6000 from flight 2025-10-02 → 2025-10-13
154,SH1500,2002706447,00020,X1E000251011300,99000,2025-10-08,"24000×2025-10-13 (flight), 6000×2025-10-13 (flight), 69000×2025-10-15 (flight)","24000×2025-10-08, 6000×2025-10-08, 69000×2025-10-13",99000,99000,0,2025-05-28,7,Awaiting Flight,Fully fulfilled from flights: 99000 (last departure: 2025-10-09),0,0,0,99000,"24000×2025-10-02, 6000×2025-10-02, 69000×2025-10-09 (+1d)",24000 from flight 2025-10-02 → 2025-10-13; 6000 from flight 2025-10-02 → 2025-10-13; 69000 from flight 2025-10-09 (+1d) → 2025-10-15
155,SH1500,2002706447,00030,X1E000251011300,99000,2025-10-29,"72000×2025-10-22 (flight), 24000×2025-10-22 (flight), 3000×2025-10-29 (flight)","72000×2025-10-20, 24000×2025-10-20, 3000×2025-10-27",99000,99000,0,2025-05-28,0,Awaiting Flight,Fully fulfilled from flights: 99000 (last departure: 2025-10-23),0,0,0,99000,"72000×2025-10-16, 24000×2025-10-16, 3000×2025-10-23",72000 from flight 2025-10-16 → 2025-10-22; 24000 from flight 2025-10-16 → 2025-10-22; 3000 from flight 2025-10-23 → 2025-10-29
156,SH1500,2002706447,00040,X1E000251011300,27000,2025-11-12,"24000×2025-10-29 (flight), 3000×2025-10-29 (flight)","24000×2025-10-27, 3000×2025-10-27",27000,27000,0,2025-05-28,-14,Awaiting Flight,Fully fulfilled from flights: 27000 (last departure: 2025-10-23),0,0,0,27000,"24000×2025-10-23, 3000×2025-10-23",24000 from flight 2025-10-23 → 2025-10-29; 3000 from flight 2025-10-23 → 2025-10-29
157,SH1500,2002708138,00010,X1E000251011300,21000,2025-11-12,21000×2025-10-29 (flight),21000×2025-10-27,21000,21000,0,2025-06-05,-14,Awaiting Flight,Fully fulfilled from flights: 21000 (last departure: 2025-10-23),0,0,0,21000,21000×2025-10-23,21000 from flight 2025-10-23 → 2025-10-29
158,TW1700,3000496639,00010,S1D13C00B00C10B,9000,cancel,Invalid Date,N/A,0,0,9000,2021/12/14,0,Invalid Date,Invalid request date: 'cancel',0,0,0,0,,Invalid request date
159,TW1700,3000498140,00010,S1D13C00B00C10B,6000,cancel,Invalid Date,N/A,0,0,6000,2021/12/22,0,Invalid Date,Invalid request date: 'cancel',0,0,0,0,,Invalid request date
160,TW1700,3000504518,00010,S1D13C00B00C10B,9000,cancel,Invalid Date,N/A,0,0,9000,2022/01/25,0,Invalid Date,Invalid request date: 'cancel',0,0,0,0,,Invalid request date
161,TW1700,3000506176,00010,S1D13C00B00C10B,21000,cancel,Invalid Date,N/A,0,0,21000,2022/02/10,0,Invalid Date,Invalid request date: 'cancel',0,0,0,0,,Invalid request date
162,TW1700,3000506176,00020,S1D13C00B00C10B,18000,cancel,Invalid Date,N/A,0,0,18000,2022/02/10,0,Invalid Date,Invalid request date: 'cancel',0,0,0,0,,Invalid request date
163,TW1700,3000506176,00030,S1D13C00B00C10B,18000,cancel,Invalid Date,N/A,0,0,18000,2022/02/10,0,Invalid Date,Invalid request date: 'cancel',0,0,0,0,,Invalid request date
164,TW1700,3000506176,00040,S1D13C00B00C10B,9000,cancel,Invalid Date,N/A,0,0,9000,2022/02/10,0,Invalid Date,Invalid request date: 'cancel',0,0,0,0,,Invalid request date
165,TW1700,3000703681,00010,MCP98244T-BE/MNY,6600,2025-08-22,6600×2025-08-22 (stock),N/A,6600,6600,0,2025-06-02,0,In Stock,Fully fulfilled from stock: 6600,6600,0,6600,0,,6600 from stock → 2025-08-22
166,TW1700,3000703983,00010,MCP98244T-BE/MNY,6600,2025-09-24,No Flights Available,N/A,0,0,6600,2025-06-02,0,No Inventory Available,No current stock or future flights available. Required: 6600,0,0,0,0,,No inventory available - no current stock or future flights
167,TW1700,3000704642,00010,MCP98244T-BE/MNY,3300,2025-09-24,No Flights Available,N/A,0,0,3300,2025-06-05,0,No Inventory Available,No current stock or future flights available. Required: 3300,0,0,0,0,,No inventory available - no current stock or future flights
168,TW1700,3000711742,00010,X1G004171012600,6000,2025-10-01,6000×2025-10-17 (flight),6000×2025-10-15,6000,6000,0,2025-07-14,16,Awaiting Flight,Fully fulfilled from flights: 6000 (last departure: 2025-10-11),0,0,0,6000,6000×2025-10-11 (+10d),6000 from flight 2025-10-11 (+10d) → 2025-10-17
169,TW1700,3000694981,00010,X1G004451000800,2000,cancel,Invalid Date,N/A,0,0,2000,2025/04/14,0,Invalid Date,Invalid request date: 'cancel',0,0,0,0,,Invalid request date
170,TW1700,3000693486,00010,X1G004251000100,2000,2025-09-17,2000×2025-09-17 (stock),N/A,2000,2000,0,2025-04-07,0,In Stock,Fully fulfilled from stock: 2000,6000,4000,2000,0,,2000 from stock → 2025-09-17
171,TW1700,3000696407,00010,X1G004251000100,2000,2025-09-26,2000×2025-09-26 (stock),N/A,2000,2000,0,2025-04-21,0,In Stock,Fully fulfilled from stock: 2000,4000,2000,2000,0,,2000 from stock → 2025-09-26
172,TW1700,3000702885,00010,X1G004251000100,2000,2025-10-17,2000×2025-10-17 (stock),N/A,2000,2000,0,2025-05-26,0,In Stock,Fully fulfilled from stock: 2000,2000,0,2000,0,,2000 from stock → 2025-10-17
173,TW1700,3000714448,00010,X1G004251000100,6000,2025-11-14,"2000×2025-04-16 (flight), 2000×2025-04-25 (flight)","2000×2025-04-14, 2000×2025-04-23",4000,4000,2000,2025-07-30,-203,Partial Flight Only,Partially fulfilled from flights: 4000/6000 (last departure: 2025-04-19). Remaining: 2000,0,0,0,4000,"2000×2025-04-09, 2000×2025-04-19",2000 from flight 2025-04-09 → 2025-04-16; 2000 from flight 2025-04-19 → 2025-04-25
174,TW1700,3000696407,00030,X1G005441020416,6000,2025-08-22,6000×2025-08-22 (stock),N/A,6000,6000,0,2025-04-21,0,In Stock,Fully fulfilled from stock: 6000,27000,21000,6000,0,,6000 from stock → 2025-08-22
175,TW1700,3000696407,00040,X1G005441020416,6000,2025-10-08,6000×2025-10-08 (stock),N/A,6000,6000,0,2025-04-21,0,In Stock,Fully fulfilled from stock: 6000,21000,15000,6000,0,,6000 from stock → 2025-10-08
176,TW1700,3000700243,00010,X1G005441020416,6000,2025-11-15,6000×2025-11-14 (stock),N/A,6000,6000,0,2025-05-12,-1,In Stock,Fully fulfilled from stock: 6000,15000,9000,6000,0,,6000 from stock → 2025-11-14
177,TW1700,3000706751,00010,X1G005441020416,6000,2025-11-29,6000×2025-11-28 (stock),N/A,6000,6000,0,2025-06-16,-1,In Stock,Fully fulfilled from stock: 6000,9000,3000,6000,0,,6000 from stock → 2025-11-28
178,TW1700,3000714116,00090,X1G005441020416,6000,2025-12-13,"3000×2025-09-03 (flight), 3000×2025-12-12 (stock)",3000×2025-09-01,6000,6000,0,2025-07-29,-1,Partial Stock + Flight,"Fully fulfilled: 3000 from stock, 3000 from flights",3000,0,3000,3000,3000×2025-08-27,3000 from stock → 2025-12-12; 3000 from flight 2025-08-27 → 2025-09-03
179,TW1700,3000702864,00010,X1G005351004700,2000,2025-09-06,2000×2025-08-20 (flight),2000×2025-08-18,2000,2000,0,2025-05-26,-17,Awaiting Flight,Fully fulfilled from flights: 2000 (last departure: 2025-08-14),0,0,0,2000,2000×2025-08-14,2000 from flight 2025-08-14 → 2025-08-20
180,TW1700,3000697930,00010,Q13FC1350000400,18000,2025-08-13,18000×2025-08-13 (stock),N/A,18000,18000,0,2025-04-29,0,In Stock,Fully fulfilled from stock: 18000,27000,9000,18000,0,,18000 from stock → 2025-08-13
181,TW1700,3000697930,00020,Q13FC1350000400,6000,2025-09-01,"3000×2025-08-22 (flight), 3000×2025-09-01 (stock)",3000×2025-08-20,6000,6000,0,2025-04-29,0,Partial Stock + Flight,"Fully fulfilled: 3000 from stock, 3000 from flights",3000,0,3000,3000,3000×2025-08-19,3000 from stock → 2025-09-01; 3000 from flight 2025-08-19 → 2025-08-22
182,TW1700,3000701859,00010,Q13FC1350000400,12000,2025-09-03,12000×2025-08-22 (flight),12000×2025-08-20,12000,12000,0,2025-05-21,-12,Awaiting Flight,Fully fulfilled from flights: 12000 (last departure: 2025-08-19),0,0,0,12000,12000×2025-08-19,12000 from flight 2025-08-19 → 2025-08-22
183,TW1700,3000703204,00010,Q13FC1350000400,33000,2025-09-07,"6000×2025-08-22 (flight), 6000×2025-08-27 (flight), 9000×2025-08-27 (flight), 12000×2025-08-27 (flight)","6000×2025-08-20, 6000×2025-08-25, 9000×2025-08-25, 12000×2025-08-25",33000,33000,0,2025-05-27,-11,Awaiting Flight,Fully fulfilled from flights: 33000 (last departure: 2025-08-22),0,0,0,33000,"6000×2025-08-19, 6000×2025-08-22, 9000×2025-08-22, 12000×2025-08-22",6000 from flight 2025-08-19 → 2025-08-22; 6000 from flight 2025-08-22 → 2025-08-27; 9000 from flight 2025-08-22 → 2025-08-27; 12000 from flight 2025-08-22 → 2025-08-27
184,TW1700,3000703204,00020,Q13FC1350000400,9000,2025-09-17,9000×2025-08-27 (flight),9000×2025-08-25,9000,9000,0,2025-05-27,-21,Awaiting Flight,Fully fulfilled from flights: 9000 (last departure: 2025-08-22),0,0,0,9000,9000×2025-08-22,9000 from flight 2025-08-22 → 2025-08-27
185,TW1700,3000704270,00010,Q13FC1350000400,9000,2025-09-26,"6000×2025-08-27 (flight), 3000×2025-08-27 (flight)","6000×2025-08-25, 3000×2025-08-25",9000,9000,0,2025-06-03,-30,Awaiting Flight,Fully fulfilled from flights: 9000 (last departure: 2025-08-22),0,0,0,9000,"6000×2025-08-22, 3000×2025-08-22",6000 from flight 2025-08-22 → 2025-08-27; 3000 from flight 2025-08-22 → 2025-08-27
186,TW1700,3000705655,00010,Q13FC1350000400,9000,2025-09-26,"6000×2025-08-27 (flight), 3000×2025-08-27 (flight)","6000×2025-08-25, 3000×2025-08-25",9000,9000,0,2025-06-10,-30,Awaiting Flight,Fully fulfilled from flights: 9000 (last departure: 2025-08-22),0,0,0,9000,"6000×2025-08-22, 3000×2025-08-22",6000 from flight 2025-08-22 → 2025-08-27; 3000 from flight 2025-08-22 → 2025-08-27
187,TW1700,3000707517,00010,Q13FC1350000400,39000,2025-10-03,"6000×2025-08-29 (flight), 9000×2025-08-29 (flight), 3000×2025-09-17 (flight), 18000×2025-09-17 (flight), 3000×2025-09-17 (flight)","6000×2025-08-27, 9000×2025-08-27, 3000×2025-09-15, 18000×2025-09-15, 3000×2025-09-15",39000,39000,0,2025-06-19,-16,Awaiting Flight,Fully fulfilled from flights: 39000 (last departure: 2025-09-11),0,0,0,39000,"6000×2025-08-24, 9000×2025-08-24, 3000×2025-09-11, 18000×2025-09-11, 3000×2025-09-11",6000 from flight 2025-08-24 → 2025-08-29; 9000 from flight 2025-08-24 → 2025-08-29; 3000 from flight 2025-09-11 → 2025-09-17; 18000 from flight 2025-09-11 → 2025-09-17; 3000 from flight 2025-09-11 → 2025-09-17
188,TW1700,3000708232,00010,Q13FC1350000400,18000,2025-10-15,18000×2025-09-17 (flight),18000×2025-09-15,18000,18000,0,2025-06-24,-28,Awaiting Flight,Fully fulfilled from flights: 18000 (last departure: 2025-09-11),0,0,0,18000,18000×2025-09-11,18000 from flight 2025-09-11 → 2025-09-17
189,TW1700,3000714116,00010,Q13FC1350000400,9000,2025-10-17,9000×2025-09-17 (flight),9000×2025-09-15,9000,9000,0,2025-07-29,-30,Awaiting Flight,Fully fulfilled from flights: 9000 (last departure: 2025-09-11),0,0,0,9000,9000×2025-09-11,9000 from flight 2025-09-11 → 2025-09-17
190,TW1700,3000714116,00020,Q13FC1350000400,6000,2025-10-20,"3000×2025-09-17 (flight), 3000×2025-09-17 (flight)","3000×2025-09-15, 3000×2025-09-15",6000,6000,0,2025-07-29,-33,Awaiting Flight,Fully fulfilled from flights: 6000 (last departure: 2025-09-11),0,0,0,6000,"3000×2025-09-11, 3000×2025-09-11",3000 from flight 2025-09-11 → 2025-09-17; 3000 from flight 2025-09-11 → 2025-09-17
191,TW1700,3000714116,00030,Q13FC1350000400,18000,2025-11-03,No Flights Available,N/A,0,0,18000,2025-07-29,0,No Inventory Available,No current stock or future flights available. Required: 18000,0,0,0,0,,No inventory available - no current stock or future flights
192,TW1700,3000714116,00040,Q13FC1350000400,33000,2025-11-07,No Flights Available,N/A,0,0,33000,2025-07-29,0,No Inventory Available,No current stock or future flights available. Required: 33000,0,0,0,0,,No inventory available - no current stock or future flights
193,TW1700,3000714148,00010,Q13FC1350000400,33000,2025-11-14,No Flights Available,N/A,0,0,33000,2025-07-29,0,No Inventory Available,No current stock or future flights available. Required: 33000,0,0,0,0,,No inventory available - no current stock or future flights
194,TW1700,3000714148,00020,Q13FC1350000400,6000,2025-12-01,No Flights Available,N/A,0,0,6000,2025-07-29,0,No Inventory Available,No current stock or future flights available. Required: 6000,0,0,0,0,,No inventory available - no current stock or future flights
195,TW1700,3000714148,00030,Q13FC1350000400,33000,2025-12-05,No Flights Available,N/A,0,0,33000,2025-07-29,0,No Inventory Available,No current stock or future flights available. Required: 33000,0,0,0,0,,No inventory available - no current stock or future flights
196,TW1700,3000697930,00030,X1A000161000116,18000,2025-08-13,"9000×2025-08-13 (stock), 9000×2025-08-15 (flight)",9000×2025-08-13,18000,18000,0,2025-04-29,2,Partial Stock + Flight,"Fully fulfilled: 9000 from stock, 9000 from flights",9000,0,9000,9000,9000×2025-08-12,9000 from stock → 2025-08-13; 9000 from flight 2025-08-12 → 2025-08-15
197,TW1700,3000697930,00040,X1A000161000116,6000,2025-09-01,6000×2025-08-22 (flight),6000×2025-08-20,6000,6000,0,2025-04-29,-10,Awaiting Flight,Fully fulfilled from flights: 6000 (last departure: 2025-08-19),0,0,0,6000,6000×2025-08-19,6000 from flight 2025-08-19 → 2025-08-22
198,TW1700,3000701859,00020,X1A000161000116,12000,2025-09-03,12000×2025-08-22 (flight),12000×2025-08-20,12000,12000,0,2025-05-21,-12,Awaiting Flight,Fully fulfilled from flights: 12000 (last departure: 2025-08-19),0,0,0,12000,12000×2025-08-19,12000 from flight 2025-08-19 → 2025-08-22
199,TW1700,3000703204,00030,X1A000161000116,30000,2025-09-08,30000×2025-08-22 (flight),30000×2025-08-20,30000,30000,0,2025-05-27,-17,Awaiting Flight,Fully fulfilled from flights: 30000 (last departure: 2025-08-19),0,0,0,30000,30000×2025-08-19,30000 from flight 2025-08-19 → 2025-08-22
200,TW1700,3000703204,00040,X1A000161000116,9000,2025-09-17,9000×2025-08-22 (flight),9000×2025-08-20,9000,9000,0,2025-05-27,-26,Awaiting Flight,Fully fulfilled from flights: 9000 (last departure: 2025-08-19),0,0,0,9000,9000×2025-08-19,9000 from flight 2025-08-19 → 2025-08-22
201,TW1700,3000704270,00020,X1A000161000116,9000,2025-09-22,9000×2025-08-22 (flight),9000×2025-08-20,9000,9000,0,2025-06-03,-31,Awaiting Flight,Fully fulfilled from flights: 9000 (last departure: 2025-08-19),0,0,0,9000,9000×2025-08-19,9000 from flight 2025-08-19 → 2025-08-22
202,TW1700,3000705655,00020,X1A000161000116,9000,2025-09-26,"3000×2025-08-22 (flight), 6000×2025-08-27 (flight)","3000×2025-08-20, 6000×2025-08-25",9000,9000,0,2025-06-10,-30,Awaiting Flight,Fully fulfilled from flights: 9000 (last departure: 2025-08-21),0,0,0,9000,"3000×2025-08-19, 6000×2025-08-21",3000 from flight 2025-08-19 → 2025-08-22; 6000 from flight 2025-08-21 → 2025-08-27
203,TW1700,3000707517,00020,X1A000161000116,39000,2025-09-26,"36000×2025-08-27 (flight), 3000×2025-08-29 (flight)","36000×2025-08-25, 3000×2025-08-27",39000,39000,0,2025-06-19,-28,Awaiting Flight,Fully fulfilled from flights: 39000 (last departure: 2025-08-26),0,0,0,39000,"36000×2025-08-21, 3000×2025-08-26",36000 from flight 2025-08-21 → 2025-08-27; 3000 from flight 2025-08-26 → 2025-08-29
204,TW1700,3000708232,00020,X1A000161000116,21000,2025-10-08,21000×2025-08-29 (flight),21000×2025-08-27,21000,21000,0,2025-06-24,-40,Awaiting Flight,Fully fulfilled from flights: 21000 (last departure: 2025-08-26),0,0,0,21000,21000×2025-08-26,21000 from flight 2025-08-26 → 2025-08-29
205,TW1700,3000713023,00010,X1A000161000116,24000,2025-10-17,"6000×2025-08-29 (flight), 9000×2025-09-05 (flight)","6000×2025-08-27, 9000×2025-09-03",15000,15000,9000,2025-07-22,-42,Partial Flight Only,Partially fulfilled from flights: 15000/24000 (last departure: 2025-09-02). Remaining: 9000,0,0,0,15000,"6000×2025-08-26, 9000×2025-09-02",6000 from flight 2025-08-26 → 2025-08-29; 9000 from flight 2025-09-02 → 2025-09-05
206,TW1700,3000714116,00050,X1A000161000116,18000,2025-11-05,No Flights Available,N/A,0,0,18000,2025-07-29,0,No Inventory Available,No current stock or future flights available. Required: 18000,0,0,0,0,,No inventory available - no current stock or future flights
207,TW1700,3000714116,00060,X1A000161000116,21000,2025-11-10,No Flights Available,N/A,0,0,21000,2025-07-29,0,No Inventory Available,No current stock or future flights available. Required: 21000,0,0,0,0,,No inventory available - no current stock or future flights
208,TW1700,3000714148,00040,X1A000161000116,33000,2025-11-14,No Flights Available,N/A,0,0,33000,2025-07-29,0,No Inventory Available,No current stock or future flights available. Required: 33000,0,0,0,0,,No inventory available - no current stock or future flights
209,TW1700,3000714148,00050,X1A000161000116,9000,2025-12-01,No Flights Available,N/A,0,0,9000,2025-07-29,0,No Inventory Available,No current stock or future flights available. Required: 9000,0,0,0,0,,No inventory available - no current stock or future flights
210,TW1700,3000714148,00060,X1A000161000116,33000,2025-12-05,No Flights Available,N/A,0,0,33000,2025-07-29,0,No Inventory Available,No current stock or future flights available. Required: 33000,0,0,0,0,,No inventory available - no current stock or future flights
211,TW1700,3000701564,00010,Q22FA1280009000,3000,2025-09-01,3000×2025-09-01 (stock),N/A,3000,3000,0,2025-05-19,0,In Stock,Fully fulfilled from stock: 3000,3000,0,3000,0,,3000 from stock → 2025-09-01
212,TW1700,3000704042,00010,Q22FA1280009000,6000,2025-09-20,"3000×2025-09-05 (flight), 3000×2025-09-05 (flight)","3000×2025-09-03, 3000×2025-09-03",6000,6000,0,2025-06-02,-15,Awaiting Flight,Fully fulfilled from flights: 6000 (last departure: 2025-08-30),0,0,0,6000,"3000×2025-08-30, 3000×2025-08-30",3000 from flight 2025-08-30 → 2025-09-05; 3000 from flight 2025-08-30 → 2025-09-05
213,TW1700,3000706751,00020,Q22FA1280009000,6000,2025-10-08,6000×2025-09-24 (flight),6000×2025-09-22,6000,6000,0,2025-06-16,-14,Awaiting Flight,Fully fulfilled from flights: 6000 (last departure: 2025-09-18),0,0,0,6000,6000×2025-09-18,6000 from flight 2025-09-18 → 2025-09-24
214,TW1700,3000714011,00010,Q22FA1280009000,6000,2025-11-07,No Flights Available,N/A,0,0,6000,2025-07-28,0,No Inventory Available,No current stock or future flights available. Required: 6000,0,0,0,0,,No inventory available - no current stock or future flights
215,TW1700,3000696703,00040,Q22FA2380049900,6000,2025-09-01,6000×2025-08-22 (flight),6000×2025-08-20,6000,6000,0,2025-04-23,-10,Awaiting Flight,Fully fulfilled from flights: 6000 (last departure: 2025-08-19),0,0,0,6000,6000×2025-08-19,6000 from flight 2025-08-19 → 2025-08-22
216,TW1700,3000697930,00050,Q22FA2380049900,15000,2025-08-30,"6000×2025-08-22 (flight), 9000×2025-08-22 (flight)","6000×2025-08-20, 9000×2025-08-20",15000,15000,0,2025-04-29,-8,Awaiting Flight,Fully fulfilled from flights: 15000 (last departure: 2025-08-19),0,0,0,15000,"6000×2025-08-19, 9000×2025-08-19",6000 from flight 2025-08-19 → 2025-08-22; 9000 from flight 2025-08-19 → 2025-08-22
217,TW1700,3000697930,00060,Q22FA2380049900,6000,2025-09-03,6000×2025-08-29 (flight),6000×2025-08-27,6000,6000,0,2025-04-29,-5,Awaiting Flight,Fully fulfilled from flights: 6000 (last departure: 2025-08-26),0,0,0,6000,6000×2025-08-26,6000 from flight 2025-08-26 → 2025-08-29
218,TW1700,3000701859,00030,Q22FA2380049900,6000,2025-09-03,6000×2025-09-03 (flight),6000×2025-09-01,6000,6000,0,2025-05-21,0,Awaiting Flight,Fully fulfilled from flights: 6000 (last departure: 2025-08-28),0,0,0,6000,6000×2025-08-28,6000 from flight 2025-08-28 → 2025-09-03
219,TW1700,3000701859,00040,Q22FA2380049900,15000,2025-09-07,"9000×2025-09-03 (flight), 6000×2025-09-03 (flight)","9000×2025-09-01, 6000×2025-09-01",15000,15000,0,2025-05-21,-4,Awaiting Flight,Fully fulfilled from flights: 15000 (last departure: 2025-08-28),0,0,0,15000,"9000×2025-08-28, 6000×2025-08-28",9000 from flight 2025-08-28 → 2025-09-03; 6000 from flight 2025-08-28 → 2025-09-03
220,TW1700,3000703204,00050,Q22FA2380049900,27000,2025-09-12,"12000×2025-09-03 (flight), 9000×2025-09-03 (flight), 6000×2025-09-03 (flight)","12000×2025-09-01, 9000×2025-09-01, 6000×2025-09-01",27000,27000,0,2025-05-27,-9,Awaiting Flight,Fully fulfilled from flights: 27000 (last departure: 2025-08-28),0,0,0,27000,"12000×2025-08-28, 9000×2025-08-28, 6000×2025-08-28",12000 from flight 2025-08-28 → 2025-09-03; 9000 from flight 2025-08-28 → 2025-09-03; 6000 from flight 2025-08-28 → 2025-09-03
221,TW1700,3000703204,00060,Q22FA2380049900,9000,2025-09-20,9000×2025-09-03 (flight),9000×2025-09-01,9000,9000,0,2025-05-27,-17,Awaiting Flight,Fully fulfilled from flights: 9000 (last departure: 2025-08-28),0,0,0,9000,9000×2025-08-28,9000 from flight 2025-08-28 → 2025-09-03
222,TW1700,3000703204,00070,Q22FA2380049900,12000,2025-09-26,"6000×2025-09-03 (flight), 6000×2025-09-03 (flight)","6000×2025-09-01, 6000×2025-09-01",12000,12000,0,2025-05-27,-23,Awaiting Flight,Fully fulfilled from flights: 12000 (last departure: 2025-08-28),0,0,0,12000,"6000×2025-08-28, 6000×2025-08-28",6000 from flight 2025-08-28 → 2025-09-03; 6000 from flight 2025-08-28 → 2025-09-03
223,TW1700,3000707517,00030,Q22FA2380049900,45000,2025-10-02,"6000×2025-09-10 (flight), 6000×2025-09-17 (flight), 6000×2025-10-03 (flight), 6000×2025-10-03 (flight), 15000×2025-10-03 (flight), 6000×2025-10-13 (flight)","6000×2025-09-08, 6000×2025-09-15, 6000×2025-10-01, 6000×2025-10-01, 15000×2025-10-01, 6000×2025-10-08",45000,45000,0,2025-06-19,11,Awaiting Flight,Fully fulfilled from flights: 45000 (last departure: 2025-10-02),0,0,0,45000,"6000×2025-09-04, 6000×2025-09-11, 6000×2025-09-25, 6000×2025-09-25, 15000×2025-09-25, 6000×2025-10-02",6000 from flight 2025-09-04 → 2025-09-10; 6000 from flight 2025-09-11 → 2025-09-17; 6000 from flight 2025-09-25 → 2025-10-03; 6000 from flight 2025-09-25 → 2025-10-03; 15000 from flight 2025-09-25 → 2025-10-03; 6000 from flight 2025-10-02 → 2025-10-13
224,TW1700,3000708232,00030,Q22FA2380049900,15000,2025-10-15,No Flights Available,N/A,0,0,15000,2025-06-24,0,No Inventory Available,No current stock or future flights available. Required: 15000,0,0,0,0,,No inventory available - no current stock or future flights
225,TW1700,3000713023,00020,Q22FA2380049900,21000,2025-10-18,No Flights Available,N/A,0,0,21000,2025-07-22,0,No Inventory Available,No current stock or future flights available. Required: 21000,0,0,0,0,,No inventory available - no current stock or future flights
226,TW1700,3000714116,00070,Q22FA2380049900,18000,2025-11-05,No Flights Available,N/A,0,0,18000,2025-07-29,0,No Inventory Available,No current stock or future flights available. Required: 18000,0,0,0,0,,No inventory available - no current stock or future flights
227,TW1700,3000714116,00080,Q22FA2380049900,21000,2025-11-10,No Flights Available,N/A,0,0,21000,2025-07-29,0,No Inventory Available,No current stock or future flights available. Required: 21000,0,0,0,0,,No inventory available - no current stock or future flights
228,TW1700,3000714148,00070,Q22FA2380049900,33000,2025-11-14,No Flights Available,N/A,0,0,33000,2025-07-29,0,No Inventory Available,No current stock or future flights available. Required: 33000,0,0,0,0,,No inventory available - no current stock or future flights
229,TW1700,3000714148,00080,Q22FA2380049900,9000,2025-11-19,No Flights Available,N/A,0,0,9000,2025-07-29,0,No Inventory Available,No current stock or future flights available. Required: 9000,0,0,0,0,,No inventory available - no current stock or future flights
230,TW1700,3000714148,00090,Q22FA2380049900,33000,2025-12-05,No Flights Available,N/A,0,0,33000,2025-07-29,0,No Inventory Available,No current stock or future flights available. Required: 33000,0,0,0,0,,No inventory available - no current stock or future flights
231,TW1700,3000696407,00060,X1A000061000600,6000,2025-08-22,6000×2025-08-22 (stock),N/A,6000,6000,0,2025-04-21,0,In Stock,Fully fulfilled from stock: 6000,36000,30000,6000,0,,6000 from stock → 2025-08-22
232,TW1700,3000696407,00070,X1A000061000600,6000,2025-10-08,6000×2025-10-08 (stock),N/A,6000,6000,0,2025-04-21,0,In Stock,Fully fulfilled from stock: 6000,24000,18000,6000,0,,6000 from stock → 2025-10-08
233,TW1700,3000700243,00020,X1A000061000600,6000,2025-11-15,6000×2025-11-14 (stock),N/A,6000,6000,0,2025-05-12,-1,In Stock,Fully fulfilled from stock: 6000,15000,9000,6000,0,,6000 from stock → 2025-11-14
234,TW1700,3000704042,00020,X1A000061000600,6000,2025-11-29,6000×2025-11-28 (stock),N/A,6000,6000,0,2025-06-02,-1,In Stock,Fully fulfilled from stock: 6000,9000,3000,6000,0,,6000 from stock → 2025-11-28
235,TW1700,3000711742,00020,X1A000061000600,6000,2025-12-13,3000×2025-12-12 (stock),N/A,3000,3000,3000,2025-07-14,-1,Partial Stock Only,Partially fulfilled from stock: 3000/6000. Remaining: 3000,3000,0,3000,0,,3000 from stock → 2025-12-12
236,TW1700,3000715977,00010,X1A000141000500,6000,2025-11-01,No Flights Available,N/A,0,0,6000,2025-08-07,0,No Inventory Available,No current stock or future flights available. Required: 6000,0,0,0,0,,No inventory available - no current stock or future flights
237,TW1700,3000694989,00030,Q22FA1280004300,6000,2025-09-06,6000×2025-09-05 (stock),N/A,6000,6000,0,2025-04-14,-1,In Stock,Fully fulfilled from stock: 6000,30000,24000,6000,0,,6000 from stock → 2025-09-05
238,TW1700,3000696407,00080,Q22FA1280004300,6000,2025-11-15,6000×2025-11-14 (stock),N/A,6000,6000,0,2025-04-21,-1,In Stock,Fully fulfilled from stock: 6000,24000,18000,6000,0,,6000 from stock → 2025-11-14
239,TW1700,3000696407,00090,Q22FA1280004300,6000,2025-12-06,6000×2025-12-05 (stock),N/A,6000,6000,0,2025-04-21,-1,In Stock,Fully fulfilled from stock: 6000,18000,12000,6000,0,,6000 from stock → 2025-12-05
240,TW1700,3000696407,00100,Q22FA1280004300,6000,2025-12-13,6000×2025-12-12 (stock),N/A,6000,6000,0,2025-04-21,-1,In Stock,Fully fulfilled from stock: 6000,12000,6000,6000,0,,6000 from stock → 2025-12-12
241,TW1700,3000708545,00010,Q22FA2380008900,6000,2025-10-08,"3000×2025-09-10 (flight), 3000×2025-10-03 (flight)","3000×2025-09-08, 3000×2025-10-01",6000,6000,0,2025-06-25,-5,Awaiting Flight,Fully fulfilled from flights: 6000 (last departure: 2025-09-25),0,0,0,6000,"3000×2025-09-04, 3000×2025-09-25",3000 from flight 2025-09-04 → 2025-09-10; 3000 from flight 2025-09-25 → 2025-10-03
242,TW1700,3000710994,00010,Q22FA1280053200,3000,2025-09-27,3000×2025-09-19 (flight),3000×2025-09-17,3000,3000,0,2025-07-10,-8,Awaiting Flight,Fully fulfilled from flights: 3000 (last departure: 2025-09-16),0,0,0,3000,3000×2025-09-16,3000 from flight 2025-09-16 → 2025-09-19
243,VN4700,3200043598,00010,X1G005421020616,3000,2025-09-15,3000×2025-09-15 (stock),N/A,3000,3000,0,2025-06-10,0,In Stock,Fully fulfilled from stock: 3000,6000,3000,3000,0,,3000 from stock → 2025-09-15
244,VN4700,3200043598,00020,X1G005421020616,6000,2025-10-13,"3000×2025-09-05 (flight), 3000×2025-10-13 (stock)",3000×2025-09-03,6000,6000,0,2025-06-10,0,Partial Stock + Flight,"Fully fulfilled: 3000 from stock, 3000 from flights",3000,0,3000,3000,3000×2025-08-30,3000 from stock → 2025-10-13; 3000 from flight 2025-08-30 → 2025-09-05
245,VN4700,3200048265,00010,X1G005421020616,3000,2025-11-10,3000×2025-10-03 (flight),3000×2025-10-01,3000,3000,0,2025-08-05,-38,Awaiting Flight,Fully fulfilled from flights: 3000 (last departure: 2025-09-24),0,0,0,3000,3000×2025-09-24,3000 from flight 2025-09-24 → 2025-10-03
246,VN4700,3200041970,00010,X1G004211001100,4000,2025-08-25,4000×2025-08-25 (stock),N/A,4000,4000,0,2025-05-20,0,In Stock,Fully fulfilled from stock: 4000,4000,0,4000,0,,4000 from stock → 2025-08-25
247,VN4700,3200041970,00010,X1G004211001100,2000,2025-08-25,2000×2025-09-17 (flight),2000×2025-09-15,2000,2000,0,2025-05-20,23,Awaiting Flight,Fully fulfilled from flights: 2000 (last departure: 2025-09-10),0,0,0,2000,2000×2025-09-10 (+16d),2000 from flight 2025-09-10 (+16d) → 2025-09-17
248,VN4700,3200045573,00010,X1A000141000200,12000,2025-09-15,12000×2025-09-12 (flight),12000×2025-09-10,12000,12000,0,2025-07-01,-3,Awaiting Flight,Fully fulfilled from flights: 12000 (last departure: 2025-09-09),0,0,0,12000,12000×2025-09-09,12000 from flight 2025-09-09 → 2025-09-12
249,VN4700,3200048265,00020,X1A000141000200,6000,2025-12-15,"3000×2025-10-13 (flight), 3000×2025-10-17 (flight)","3000×2025-10-08, 3000×2025-10-15",6000,6000,0,2025-08-05,-59,Awaiting Flight,Fully fulfilled from flights: 6000 (last departure: 2025-10-11),0,0,0,6000,"3000×2025-10-07, 3000×2025-10-11",3000 from flight 2025-10-07 → 2025-10-13; 3000 from flight 2025-10-11 → 2025-10-17
250,VN4700,3200045573,00020,X1E000371000400,15000,2025-09-15,"6000×2025-08-22 (flight), 3000×2025-08-22 (flight), 6000×2025-09-15 (stock)","6000×2025-08-20, 3000×2025-08-20",15000,15000,0,2025-07-01,0,Partial Stock + Flight,"Fully fulfilled: 6000 from stock, 9000 from flights",6000,0,6000,9000,"6000×2025-08-19, 3000×2025-08-19",6000 from stock → 2025-09-15; 6000 from flight 2025-08-19 → 2025-08-22; 3000 from flight 2025-08-19 → 2025-08-22
251,VN4700,3200047961,00010,X1E000371000400,6000,2025-11-10,6000×2025-09-26 (flight),6000×2025-09-24,6000,6000,0,2025-07-31,-45,Awaiting Flight,Fully fulfilled from flights: 6000 (last departure: 2025-09-23),0,0,0,6000,6000×2025-09-23,6000 from flight 2025-09-23 → 2025-09-26
